{
  "version": 1,
  "author": "Bashar Aish Qatap",
  "editor": "wokwi",
  "parts": [
    { "type": "wokwi-arduino-uno", "id": "uno", "top": 87, "left": -87, "attrs": {} },
    { "type": "wokwi-led", "id": "led1", "top": -70.8, "left": -73, "attrs": { "color": "red" } },
    {
      "type": "wokwi-led",
      "id": "led2",
      "top": -80.4,
      "left": 109.4,
      "attrs": { "color": "limegreen" }
    },
    {
      "type": "wokwi-resistor",
      "id": "r1",
      "top": 23.15,
      "left": -115.2,
      "rotate": 90,
      "attrs": { "value": "220" }
    },
    {
      "type": "wokwi-resistor",
      "id": "r2",
      "top": -15.25,
      "left": 57.6,
      "attrs": { "value": "220" }
    }
  ],
  "connections": [
    [ "uno:12", "led2:A", "green", [ "v-76.8", "h29.3" ] ],
    [ "uno:13", "led1:A", "green", [ "v-96", "h0.4" ] ],
    [ "r1:1", "led1:C", "green", [ "h0" ] ],
    [ "r1:2", "uno:GND.1", "green", [ "h0" ] ],
    [ "r2:2", "led2:C", "green", [ "v0" ] ],
    [ "r2:1", "uno:GND.1", "green", [ "v0", "h-48" ] ]
  ],
  "dependencies": {}
}