{
  "version": 1,
  "author": "Uri Shaked",
  "editor": "wokwi",
  "parts": [
    { "type": "wokwi-arduino-uno", "id": "uno", "top": 279, "left": -0.6, "attrs": {} },
    { "type": "wokwi-led", "id": "led1", "top": 25.2, "left": 90.2, "attrs": { "color": "red" } },
    {
      "type": "wokwi-resistor",
      "id": "r1",
      "top": 119.15,
      "left": 38.4,
      "attrs": { "value": "220" }
    }
  ],
  "connections": [
    [ "uno:13", "led1:A", "green", [ "v0" ] ],
    [ "r1:2", "led1:C", "green", [ "v0" ] ],
    [ "r1:1", "uno:GND.1", "green", [ "v96", "h76.5" ] ]
  ],
  "dependencies": {}
}