{
  "version": 1,
  "author": "Bashar Aish Qatap",
  "editor": "wokwi",
  "parts": [
    { "type": "wokwi-arduino-uno", "id": "uno", "top": 39, "left": -48.6, "attrs": {} },
    { "type": "wokwi-led", "id": "led1", "top": -90, "left": 186.2, "attrs": { "color": "red" } },
    {
      "type": "wokwi-pushbutton",
      "id": "btn1",
      "top": -74.4,
      "left": -9.4,
      "rotate": 180,
      "attrs": { "color": "green" }
    },
    {
      "type": "wokwi-resistor",
      "id": "r1",
      "top": -44.05,
      "left": 115.2,
      "attrs": { "value": "220" }
    }
  ],
  "connections": [
    [ "led1:A", "uno:7", "green", [ "v38.4", "h-28.8" ] ],
    [ "btn1:1.l", "uno:GND.1", "green", [ "h28.8", "v67.2", "h-19.2" ] ],
    [ "btn1:2.r", "uno:12", "yellow", [ "h-19.4", "v57.4", "h124.8" ] ],
    [ "r1:2", "led1:C", "green", [ "v0" ] ],
    [ "r1:1", "uno:GND.1", "green", [ "v28.8", "h-67.2" ] ]
  ],
  "dependencies": {}
}